{"cameraMode":{"drawMode":0,"name":"Shaded","section":"Shading Mode"},"sceneLighting":true,"audioPlay":false,"sceneViewState":{"showFog":true,"showMaterialUpdate":false,"showSkybox":true,"showFlares":true,"showImageEffects":true,"showParticleSystems":true},"in2DMode":false,"pivot":{"x":32.88734436035156,"y":-4.735076904296875,"z":-25.642929077148439},"rotation":{"x":-0.07544443756341934,"y":0.9205638766288757,"z":-0.22265423834323884,"w":-0.3119247257709503},"size":353.5244140625,"orthographic":false}